t,x_q,z_q,beta
0.0,-2.0,2.0,0.4363323129986219
0.004380475594493116,-1.9999999996035955,1.999999999780072,0.43633231312425086
0.008760951188986232,-1.9999999936785229,1.9999999964955337,0.43633231496933506
0.013141426783479349,-1.9999999681035499,1.9999999823312495,0.4363323227798439
0.017521902377972465,-1.9999998995257835,1.99999994438686,0.4363323432993028
0.02190237797246558,-1.9999997555159104,1.9999998647828416,0.43633238549003506
0.026282853566958697,-1.99999949472234,1.9999997207656655,0.4363324602606599
0.030663329161451813,-1.9999990670242545,1.9999994848120515,0.4363325801997986
0.03504380475594493,-1.999998413683563,1.9999991247323314,0.4363327593159491
0.039424280350438046,-1.9999974674957703,1.9999986037729167,0.43633301278348124
0.04380475594493116,-1.9999961529397583,1.9999978807178742,0.4363333566947109
0.04818523153942428,-1.9999943863264844,1.9999969099896182,0.43633380781800835
0.052565707133917394,-1.999992075946603,1.9999956417487157,0.43633438336189784
0.05694618272841051,-1.9999891222170063,1.9999940219928118,0.4363351007451023
0.06132665832290363,-1.9999854178262968,1.9999919926546756,0.4363359773724913
0.06570713391739674,-1.999980847879189,1.9999894916993741,0.4363370304168882
0.07008760951188986,-1.9999752900398395,1.9999864532205698,0.4363382766066901
0.07446808510638298,-1.9999686146741218,1.9999828075359545,0.436339732019261
0.07884856070087609,-1.999960684990833,1.9999784812818118,0.4363414118800486
0.08322903629536921,-1.9999513571818481,1.999973397506722,0.4363433303673871
0.08760951188986232,-1.9999404805612195,1.9999674757644041,0.4363455004229357
0.09198998748435544,-1.9999278977032229,1.9999606322057015,0.4363479335677143
0.09637046307884856,-1.9999134445793587,1.999952779669714,0.43635063972368876
0.10075093867334167,-1.9998969506943078,1.9999438277740818,0.43635362704086367
0.10513141426783479,-1.9998782392208458,1.9999336830044179,0.43635690172983777
0.1095118898623279,-1.999857127133718,1.999922248802899,0.43636046789977834
0.11389236545682102,-1.9998334253424823,1.999909425656014,0.43636432740177106
0.11827284105131414,-1.999806938823316,1.9998951111814738,0.43636847967750064
0.12265331664580725,-1.9997774667497985,1.9998792002142867,0.4363729216132186
0.12703379224030037,-1.9997448026226645,1.999861584892,0.4363776473989542
0.13141426783479349,-1.9997087343985376,1.9998421547391148,0.43638264839292484
0.1357947434292866,-1.9996690446176422,1.999820796750673,0.43638791299110186
0.14017521902377972,-1.9996255105305027,1.9997973954750197,0.4363934265018866
0.14455569461827283,-1.9995779042236264,1.99977183309575,0.4363991710258556
0.14893617021276595,-1.9995259927441769,1.9997439895128346,0.43640512534052767
0.15331664580725907,-1.9994695382236458,1.999713742422932,0.43641126479011094
0.15769712140175218,-1.999408298000514,1.9996809673988944,0.43641756118018593
0.1620775969962453,-1.9993420247419171,1.999645537968458,0.4364239826772794
0.16645807259073842,-1.9992704665643146,1.999607325692135,0.4364304937132859
0.17083854818523153,-1.99919336715316,1.9995662002403016,0.4364370548946936
0.17521902377972465,-1.9991104658815864,1.9995220294694864,0.43644362291656913
0.17959949937421776,-1.9990214979281005,1.9994746794978644,0.4364501504812587
0.18397997496871088,-1.9989261943932932,1.9994240147799578,0.4364565862217597
0.188360450563204,-1.9988242824155706,1.9993698981805499,0.4364628746297226
0.1927409261576971,-1.9987154852859037,1.9993121910478058,0.436468955988034
0.19712140175219023,-1.9985995225616062,1.999250753285618,0.43647476630794124
0.20150187734668334,-1.99847611017914,1.9991854434251668,0.43648023727067253
0.20588235294117646,-1.998344960565949,1.9991161186957016,0.43648529617350906
0.21026282853566958,-1.9982057827513326,1.999042635094556,0.4364898658802651
0.2146433041301627,-1.9980582824763542,1.9989648474563813,0.4364938647761324
0.2190237797246558,-1.9979021623027893,1.9988826095216201,0.4364972067268445
0.22340425531914893,-1.99773712172112,1.9987957740042093,0.43649980104211694
0.22778473091364204,-1.9975628572575774,1.9987041926585254,0.43650155244332095
0.23216520650813516,-1.9973790625802312,1.9986077163455687,0.4365023610353434
0.23654568210262827,-1.9971854286041346,1.998506195098389,0.4365021222825931
0.2409261576971214,-1.9969816435955283,1.9983994781867649,0.43650072698910597
0.2453066332916145,-1.9967673932751004,1.9982874141811264,0.4364980612827075
0.24968710888610762,-1.9965423609203117,1.9981698510157357,0.436494006603187
0.25406758448060074,-1.9963062274667862,1.9980466360511218,0.43648843969444073
0.25844806007509386,-1.9960586716087738,1.997917616135773,0.4364812326005403
0.26282853566958697,-1.9957993698986811,1.997782637667097,0.4364722526656793
0.2672090112640801,-1.9955279968456803,1.9976415466516413,0.4364613625379598
0.2715894868585732,-1.9952442250133997,1.9974941887645836,0.43644842017696867
0.2759699624530663,-1.9949477251166903,1.9973404094084954,0.4364332788651044
0.28035043804755944,-1.9946381661174835,1.9971800537713775,0.4364157872226079
0.28473091364205255,-1.9943152153197325,1.9970129668839758,0.4363957892262539
0.28911138923654567,-1.99397853846345,1.996838993676375,0.43637312423166064
0.2934918648310388,-1.9936277998178353,1.996657979033879,0.4363476269991701
0.2978723404255319,-1.993262662273505,1.996469767852175,0.4363191277232595
0.302252816020025,-1.9928827874338197,1.9962742050917914,0.4362874520654363
0.30663329161451813,-1.9924878357053193,1.996071135831844,0.4362524211905749
0.31101376720901125,-1.9920774663872602,1.9958604053230813,0.43621385180664973
0.31539424280350437,-1.9916513377602698,1.9956418590402285,0.43617155620782266
0.3197747183979975,-1.9912091071741123,1.9954153427336316,0.4361253423208388
0.3241551939924906,-1.9907504311345663,1.9951807024802097,0.43607501375468677
0.3285356695869837,-1.9902749653894296,1.994937784733713,0.4360203698534819
0.33291614518147683,-1.9897823650136448,1.9946864363742918,0.4359612057525256
0.33729662077596995,-1.9892722844935493,1.9944265047573821,0.43589731243749846
0.34167709637046306,-1.9887443778102571,1.9941578377619074,0.4358284768067421
0.3460575719649562,-1.9881982985221742,1.993880283837799,0.43575448173658765
0.3504380475594493,-1.987633699846645,1.9935936920528432,0.43567510614968497
0.3548185231539424,-1.9870502347407457,1.9932979121388519,0.4355901250862892
0.3591989987484355,-1.9864475559812123,1.9929927945371648,0.4354993097784611
0.36357947434292864,-1.9858253162435173,1.9926781904434834,0.43540242772713766
0.36795994993742176,-1.9851831681800973,1.992353951852039,0.435299242782027
0.3723404255319149,-1.9845207644977265,1.9920199315991034,0.4351895152242862
0.376720901126408,-1.983837758034053,1.991675983405838,0.435073001851937
0.3811013767209011,-1.9831338018332823,1.991321961920487,0.4349494560679731
0.3854818523153942,-1.9824085492210355,1.9909577227599229,0.43481862797112103
0.38986232790988734,-1.98166165387836,1.9905831225505393,0.4346802644492031
0.39424280350438046,-1.9808927699149144,1.9901980189684958,0.43453410927506486
0.3986232790988736,-1.980101551941322,1.989802270779327,0.43437990320501985
0.4030037546933667,-1.9792876551406984,1.9893957378769036,0.43421738407976723
0.4073842302878598,-1.9784507353393566,1.988978281321761,0.43404628692774183
0.4117647058823529,-1.9775904490766927,1.9885497633787945,0.4338663440708476
0.41614518147684604,-1.9767064536742533,1.9881100475543214,0.4336772852325355
0.42052565707133915,-1.9757984073039907,1.9876589986325153,0.43347883764817824
0.42490613266583227,-1.9748659690557073,1.987196482711219,0.43327072617769946
0.4292866082603254,-1.9739087990036959,1.986722367237132,0.43305267342041426
0.4336670838548185,-1.9729265582725686,1.9862365210403814,0.43282439983203397
0.4380475594493116,-1.971918909102295,1.9857388143684778,0.43258562384379573
0.44242803504380473,-1.9708855149124334,1.9852291189196556,0.4323360619836685
0.44680851063829785,-1.9698260403655743,1.9847073078756083,0.432075428999595
0.45118898623279097,-1.9687401514299885,1.9841732559336152,0.4318034379847231
0.4555694618272841,-1.9676275154414895,1.9836268393380618,0.43151980050458394
0.4599499374217772,-1.9664878011645106,1.9830679359113672,0.43122422672617394
0.4643304130162703,-1.9653206788523978,1.9824964250843073,0.4309164255488933
0.46871088861076343,-1.9641258203069287,1.9819121879257466,0.430596104737301
0.47309136420525655,-1.9629028989370492,1.9813151071717816,0.43026297105563965
0.47747183979974966,-1.961651589816847,1.9807050672542894,0.42991673040408773
0.4818523153942428,-1.9603715697427482,1.980081954328899,0.4295570879566933
0.4862327909887359,-1.95906251728995,1.9794456563023741,0.4291837483009491
0.490613266583229,-1.9577241128680938,1.9787960628594226,0.42879641557895937
0.49499374217772213,-1.956356038776174,1.978133065488925,0.4283947936301607
0.49937421777221525,-1.954957979256694,1.9774565575095964,0.4279785861355477
0.5037546933667083,-1.9535296205490673,1.9767664340950692,0.4275474967633628
0.5081351689612015,-1.9520706509422678,1.9760625922984199,0.427101229316205
0.5125156445556946,-1.9505807608267351,1.9753449310761255,0.4266394878795133
0.5168961201501877,-1.949059642745535,1.9746133513114614,0.4261619769713819
0.5212765957446808,-1.9475069914447785,1.9738677558373405,0.4256684016936626
0.5256570713391739,-1.9459225039233048,1.9731080494586004,0.42515846788430983
0.5300375469336671,-1.9443058794816293,1.9723341389737354,0.4246318822709257
0.5344180225281602,-1.9426568197701615,1.9715459331960856,0.42408835262546035
0.5387984981226532,-1.9409750288366912,1.9707433429744727,0.4235275879200236
0.5431789737171464,-1.939260213173157,1.9699262812133043,0.422949298483763
0.5475594493116396,-1.937512081761686,1.9690946628921269,0.4223531961607681
0.5519399249061326,-1.9357303461199178,1.9682484050846532,0.42173899446895136
0.5563204005006257,-1.9339147203456155,1.9673874269772489,0.421106408759866
0.5607008760951189,-1.9320649211605607,1.9665116498868958,0.420455156379416
0.565081351689612,-1.9301806679537419,1.9656209972786196,0.419784956829412
0.5694618272841051,-1.9282616828238366,1.9647153947824048,0.41909553192993376
0.5738423028785982,-1.9263076906209908,1.963794770209577,0.4183866059824487
0.5782227784730913,-1.9243184189878988,1.962859053568677,0.41765790593365004
0.5826032540675845,-1.9222935984001863,1.9619081770808133,0.4169091615399638
0.5869837296620776,-1.920232962206103,1.9609420751945081,0.41614010553268616
0.5913642052565706,-1.9181362466655192,1.9599606846000301,0.4153504737837019
0.5957446808510638,-1.9160031909882438,1.9589639442432247,0.41454000547174635
0.600125156445557,-1.9138335373716522,1.9579517953388408,0.4137084432491602
0.60450563204005,-1.9116270310376355,1.9569241813833576,0.41285553340909825
0.6088861076345431,-1.9093834202688753,1.955881048167316,0.41198102605314596
0.6132665832290363,-1.9071024564444392,1.9548223437871537,0.41108467525929965
0.6176470588235294,-1.9047838940747102,1.9537480186565552,0.4101662392502676
0.6220275344180225,-1.9024274908356436,1.9526580255173092,0.40922548056204655
0.6264080100125156,-1.900033007602365,1.951552319449685,0.40826216621273204
0.6307884856070087,-1.8976002084821018,1.9504308578823262,0.40727606787151527
0.6351689612015019,-1.8951288608464576,1.9492936006016655,0.40626696202782586
0.639549436795995,-1.8926187353630342,1.9481405097608686,0.4052346301605736
0.643929912390488,-1.8900696060263977,1.9469715498882991,0.4041788589074485
0.6483103879849812,-1.8874812501883986,1.9457866878955228,0.4030994402342319
0.6526908635794744,-1.8848534485878456,1.9445858930848372,0.40199617160407686
0.6570713391739674,-1.8821859853795346,1.9433691371563449,0.40086885614671286
0.6614518147684605,-1.8794786481626444,1.9421363942145637,0.39971730282753154
0.6658322903629537,-1.8767312280084874,1.9408876407745839,0.3985413266165085
0.6702127659574468,-1.8739435194876362,1.9396228557677635,0.39734074865691893
0.6745932415519399,-1.8711153206964137,1.9383420205469823,0.3961153964338009
0.678973717146433,-1.8682464332827613,1.9370451188914446,0.3948651039421243
0.6833541927409261,-1.8653366624714802,1.935732137011033,0.3935897118546202
0.6877346683354193,-1.8623858170888545,1.934403063550228,0.39228906768922783
0.6921151439299124,-1.8593937095866546,1.9330578895915858,0.3909630259761136
0.6964956195244054,-1.8563601560655327,1.9316966086587781,0.3896114484242198
0.7008760951188986,-1.8532849762977979,1.9303192167192045,0.38823420408729825
0.7052565707133918,-1.850167993749593,1.9289257121861718,0.3868311695293851
0.7096370463078848,-1.8470090356024618,1.9275160959206483,0.3854022289896728
0.7140175219023779,-1.8438079327743135,1.926090371232597,0.383947274546735
0.718397997496871,-1.8405645199397953,1.9246485438818834,0.38246620628206096
0.7227784730913642,-1.8372786355500648,1.9231906220787722,0.38095893244285567
0.7271589486858573,-1.8339501218519703,1.921716616484005,0.37942536960406026
0.7315394242803503,-1.830578824906647,1.9202265402084704,0.3778654428295512
0.7359198998748435,-1.8271645946075223,1.918720408812467,0.3762790858324714
0.7403003754693367,-1.8237072846977438,1.917198240304554,0.3746662411346523
0.7446808510638298,-1.8202067527870232,1.91566005514001,0.37302686022508014
0.7490613266583228,-1.8166628603679098,1.9141058762188874,0.3713609037173649
0.753441802252816,-1.8130754728314842,1.9125357288836702,0.3696683415061662
0.7578222778473092,-1.8094444594824899,1.910949640916544,0.3679491529225331
0.7622027534418022,-1.8057696935538923,1.9093476425362714,0.36620332688811336
0.7665832290362953,-1.802051052220877,1.9077297663946824,0.3644308620681891
0.7709637046307884,-1.798288416614291,1.9060960475727824,0.36263176702349353
0.7753441802252816,-1.794481671833517,1.90444652357648,0.360806060360766
0.7797246558197747,-1.7906307069588077,1.9027812343319352,0.3589537708820006
0.7841051314142677,-1.7867354150630588,1.901100222180534,0.35707493773234456
0.7884856070087609,-1.7827956932230373,1.8994035318734919,0.3551696105466036
0.7928660826032541,-1.7788114425300676,1.8976912105660915,0.3532378495943084
0.7972465581977471,-1.774782568100175,1.8959633078115512,0.3512797259232989
0.8016270337922402,-1.7707089790836892,1.894219875554532,0.349295321501784
0.8060075093867334,-1.7665905886743178,1.892460968124289,0.34728472935882976
0.8103879849812266,-1.762427314117684,1.8906866422274622,0.3452480537232353
0.8147684605757196,-1.7582190767193364,1.8888969569405183,0.3431854101607499
0.8191489361702127,-1.7539658018522346,1.8870919737018383,0.34109692570958916
0.8235294117647058,-1.7496674189637131,1.8852717563034642,0.33898273901420445
0.827909887359199,-1.7453238615819233,1.8834363708824922,0.33684300045726434
0.8322903629536921,-1.7409350673217638,1.8815858859121382,0.3346778722898011
0.8366708385481851,-1.7365009778902945,1.8797203721924536,0.33248752875947973
0.8410513141426783,-1.7320215390916422,1.8778399028407127,0.3302721562369466
0.8454317897371715,-1.7274967008314033,1.8759445532814687,0.3280319533402114
0.8498122653316645,-1.7229264171205352,1.8740344012362753,0.3257671310570212
0.8541927409261576,-1.7183106460787567,1.8721095267130927,0.32347791286517835
0.8585732165206508,-1.7136493499374452,1.8701700119953615,0.3211645348507649
0.8629536921151439,-1.7089424950420455,1.8682159416307602,0.3188272458242233
0.867334167709637,-1.7041900518539823,1.866247402419651,0.3164663074342511
0.8717146433041301,-1.699391994952089,1.8642644834032058,0.3140819942794698
0.8760951188986232,-1.6945483030335533,1.8622672758512253,0.31167459401781683
0.8804755944931164,-1.6896589589143776,1.8602558732496517,0.30924440747362325
0.8848560700876095,-1.6847239495293655,1.858230371287771,0.3067917487423299
0.8892365456821025,-1.6797432659316316,1.8561908678451264,0.30431694529279557
0.8936170212765957,-1.6747169032916405,1.854137462978119,0.3018203380671609
0.8979974968710889,-1.6696448608957781,1.8520702589063258,0.2993022815782173
0.9023779724655819,-1.6645271421444556,1.8499893599985173,0.2967631440042372
0.906758448060075,-1.6593637545497528,1.8478948727583924,0.2942033072812264
0.9111389236545682,-1.654154709732604,1.8457869058100225,0.2916231671925501
0.9155193992490613,-1.6489000234195246,1.843665569883015,0.2890231334558907
0.9198998748435544,-1.6435997154388904,1.8415309777973985,0.2864036298074932
0.9242803504380475,-1.6382538097167594,1.8393832444482296,0.28376509408365147
0.9286608260325406,-1.632862334272259,1.8372224867899245,0.28110797829939926
0.9330413016270338,-1.6274253212125185,1.8350488238203235,0.27843274872435064
0.9374217772215269,-1.621942806727169,1.8328623765644865,0.27573988595565635
0.9418022528160199,-1.6164148310824051,1.830663268058222,0.2730298849880257
0.9461827284105131,-1.6108414386146097,1.8284516233313575,0.2703032552807719
0.9505632040050063,-1.605222677723556,1.8262275693907515,0.267560520821839
0.9549436795994993,-1.5995586008651725,1.823991235203048,0.26480222018876065
0.9593241551939924,-1.593849264543892,1.821742751677181,0.26202890660651634
0.9637046307884856,-1.588094729304575,1.819482251646626,0.2592411480022291
0.9680851063829787,-1.58229505972402,1.8172098698514128,0.25643952705667206
0.9724655819774718,-1.5764503244020547,1.8149257429198844,0.253624641252532
0.9768460575719649,-1.5705605959522153,1.812630009350229,0.25079710291939017
0.981226533166458,-1.5646259509920242,1.8103228094917605,0.2479575392753734
0.9856070087609512,-1.5586464701328555,1.8080042855259795,0.2451065924654361
0.9899874843554443,-1.5526222379694015,1.8056745814473907,0.24224491959622435
0.9943679599499373,-1.5465533430687421,1.803333843044102,0.2393731927674787
0.9987484355444305,-1.5404398779590163,1.8009822178781907,0.23649209909993674
1.0031289111389237,-1.5342819391177016,1.798619855265858,0.23360234075968467
1.0075093867334166,-1.528079626959505,1.7962469062573552,0.23070463497891874
1.0118898623279098,-1.5218330458238682,1.793863523616698,0.22779971407307015
1.016270337922403,-1.5155423039620879,1.791469861801167,0.22488832545425214
1.0206508135168961,-1.5092075135240595,1.789066076940607,0.22197123164097898
1.0250312891113893,-1.5028287905446422,1.786652326816504,0.2190492102641235
1.0294117647058822,-1.4964062549296508,1.7842287708408728,0.2161230540690583
1.0337922403003754,-1.4899400304414776,1.781795570034937,0.21319357091394214
1.0381727158948686,-1.483430244684348,1.779352887007615,0.21026158376411047
1.0425531914893615,-1.476877029089211,1.7769008859338093,0.20732793068251737
1.0469336670838547,-1.4702805188982695,1.7744397325325063,0.20439346481619453
1.0513141426783479,-1.463640853149153,1.7719695940446871,0.2014590543786754
1.055694618272841,-1.4569581746587366,1.7694906392110543,0.19852558262834546
1.0600750938673342,-1.4502326300066088,1.767003038249574,0.19559394784267597
1.0644555694618272,-1.4434643695181886,1.764506962832843,0.1926650632882908
1.0688360450563203,-1.4366535472475015,1.7620025860652748,0.1897398571868245
1.0732165206508135,-1.4298003209596113,1.7594900824601203,0.18681927267653664
1.0775969962453065,-1.422904852112716,1.7569696279163083,0.18390426776962437
1.0819774718397996,-1.415967305839901,1.754441399695129,0.18099581530519737
1.0863579474342928,-1.4089878509305738,1.7519055763967482,0.17809490289787244
1.090738423028786,-1.4019666598115548,1.7493623379365641,0.1752025328819381
1.0951188986232792,-1.3949039085278514,1.7468118655214007,0.17231972225105063
1.099499374217772,-1.3877997767231065,1.7442543416255545,0.16944750259341412
1.1038798498122653,-1.380654447619728,1.7416899499666827,0.16658692002239928
1.1082603254067585,-1.3734681079987003,1.7391188754815492,0.1637390351025665
1.1126408010012514,-1.3662409481790865,1.7365413043016202,0.16090492277103408
1.1170212765957446,-1.3589731619972143,1.7339574237285171,0.1580856722541627
1.1214017521902377,-1.3516649467855637,1.7313674222093367,0.15528238697949903
1.125782227784731,-1.344316503351341,1.7287714893118262,0.15249618448294644
1.130162703379224,-1.3369280359547597,1.7261698156994332,0.14972819631110756
1.134543178973717,-1.3294997522870233,1.7235625931062175,0.14697956791876932
1.1389236545682102,-1.3220318634480062,1.7209500143116458,0.14425145856146382
1.1433041301627034,-1.3145245839236557,1.7183322731152488,0.14154504118308953
1.1476846057571963,-1.3069781315630982,1.7157095643111742,0.1388615022985229
1.1520650813516895,-1.299392727555459,1.7130820836626026,0.13620204187119456
1.1564455569461827,-1.29176859640641,1.7104500278760684,0.13356787318557473
1.1608260325406758,-1.2841059659144258,1.7078135945756507,0.13096022271453556
1.165206508135169,-1.2764050671467766,1.7051729822770698,0.1283803299815276
1.169586983729662,-1.268666134415244,1.7025283903616677,0.12582944741754742
1.1739674593241551,-1.2608894052515638,1.699880019050292,0.1233088402128425
1.1783479349186483,-1.253075120382613,1.6972280693770778,0.12081978616330757
1.1827284105131413,-1.2452235237053244,1.6945727431631343,0.11836357551152832
1.1871088861076344,-1.2373348622613467,1.6919142429901346,0.11594151078244008
1.1914893617021276,-1.2294093862114492,1.68925277217382,0.11355490661353662
1.1958698372966208,-1.2214473488096689,1.6865885347374134,0.11120508957960984
1.200250312891114,-1.2134490063772145,1.6839217353849483,0.10889339801195264
1.204630788485607,-1.2054146182761167,1.6812525794745186,0.10662118181199864
1.2090112640801,-1.1973444468826377,1.678581272991449,0.10438980225934569
1.2133917396745932,-1.1892387575604435,1.6759080225213885,0.10220063181412598
1.2177722152690862,-1.1810978186335335,1.6732330352233364,0.10005505391366132
1.2221526908635794,-1.1729219013589405,1.6705565188025924,0.09795446276339503
1.2265331664580725,-1.1647112798991937,1.667878681483647,0.09590026312201183
1.2309136420525657,-1.156466231294566,1.6651997319830056,0.0938938700807399
1.2352941176470589,-1.1481870354350805,1.6625198794819547,0.09193670883676397
1.2396745932415518,-1.1398739750323108,1.6598393335992663,0.09003021446072812
1.244055068836045,-1.1315273355909476,1.6571583043638547,0.08817583165827081
1.2484355444305382,-1.1231474053801709,1.654477002187381,0.08637501452553464
1.2528160200250311,-1.1147344754047865,1.6517956378368057,0.08462922629864988
1.2571964956195243,-1.1062888393761725,1.6491144224068992,0.08293993909710085
1.2615769712140175,-1.0978107936830142,1.6464335672927166,0.08130863366095142
1.2659574468085106,-1.089300637361827,1.643753284162022,0.0797367990819069
1.2703379224030038,-1.0807586720672977,1.641073784927685,0.07822593252811272
1.2747183979974968,-1.072185202042419,1.638395281720047,0.07677753896271255
1.27909887359199,-1.0635805340884261,1.6357179868592522,0.07539313085606714
1.283479349186483,-1.0549449775345603,1.6330421128275512,0.07407422789162088
1.287859824780976,-1.0462788442076294,1.6303678722415895,0.07282235666536896
1.2922403003754692,-1.0375824484013898,1.627695477824669,0.07163905037886353
1.2966207759699624,-1.0288561068457571,1.6250251423789932,0.07052584852573385
1.3010012515644556,-1.0201001386758244,1.6223570787579007,0.06948429657167421
1.3053817271589487,-1.0113148654007187,1.6196914998380827,0.0685159456278408
1.3097622027534417,-1.0025006108722838,1.6170286184918001,0.06762235211762802
1.3141426783479349,-0.9936577012535901,1.6143686475590888,0.06680507743678188
1.318523153942428,-0.9847864649872853,1.6117117998199668,0.06606568760679377
1.322903629536921,-0.9758872327637861,1.609058287966638,0.06540575292154105
1.3272841051314141,-0.9669603374893032,1.6064083245757075,0.06482684758712409
1.3316645807259073,-0.9580061142537208,1.6037621220803961,0.06433054935486027
1.3360450563204005,-0.9490249002983171,1.6011198927427706,0.06391843914739948
1.3404255319148937,-0.9400170349833402,1.5984818486259857,0.06359210067788368
1.3448060075093866,-0.9309828597554406,1.595848201566544,0.06335312006215332
1.3491864831038798,-0.921922718114951,1.5932191631465673,0.06320308542392317
1.353566958698373,-0.9128369555830431,1.5905949446661043,0.06314358649289709
1.357947434292866,-0.9037259196687335,1.5879757571154505,0.06317621419577257
1.362327909887359,-0.8945899598357645,1.5853618111475063,0.06330256024008607
1.3667083854818523,-0.8854294274693556,1.5827533170501586,0.06352421669088448
1.3710888610763454,-0.8762446758428275,1.580150484718708,0.06384277554012208
1.3754693366708386,-0.8670360600840963,1.5775535236283165,0.06425982826881915
1.3798498122653315,-0.8578039371420658,1.5749626428065187,0.06477696540183775
1.3842302878598247,-0.8485486657528721,1.572378050805754,0.06539577605534097
1.3886107634543179,-0.8392706064060523,1.5697999556759645,0.06611784747678584
1.3929912390488108,-0.8299701213105698,1.5672285649372277,0.06694476457750609
1.397371714643304,-0.8206475743607526,1.564664085552454,0.0678781094577392
1.4017521902377972,-0.8113033311021137,1.5621067239001347,0.06891946092415635
1.4061326658322904,-0.8019377586970879,1.559556685747146,0.07007039399975712
1.4105131414267835,-0.7925512258906472,1.5570141762216256,0.07133247942615606
1.4148936170212765,-0.7831441029758431,1.554479399785901,0.07270728315818964
1.4192740926157696,-0.7737167617592463,1.5519525602094977,0.07419636585077027
1.4236545682102628,-0.7642695755262932,1.5494338605422115,0.07580128233802164
1.4280350438047558,-0.7548029190065624,1.5469235030872577,0.0775235811045456
1.432415519399249,-0.7453171683389599,1.544421689374498,0.07936480374889054
1.436795994993742,-0.7358127010368194,1.5419286201337505,0.08132648443907087
1.4411764705882353,-0.7262898959529378,1.539444495268173,0.08341014936017865
1.4455569461827285,-0.7167491332445348,1.536969513827747,0.0856173161539906
1.4499374217772214,-0.7071907943381409,1.5345038739828407,0.08794949335054714
1.4543178973717146,-0.697615261894414,1.5320477729978699,0.0904081797916545
1.4586983729662077,-0.6880229197729117,1.5296014072050519,0.0929948640462781
1.4630788485607007,-0.678414152996779,1.5271649719782605,0.09571102381775809
1.4674593241551939,-0.6687893477173986,1.5247386617069802,0.09855812534282293
1.471839799749687,-0.6591488911789758,1.5223226697703693,0.10153762278235767
1.4762202753441802,-0.6494931716830786,1.5199171885114258,0.10465095760387921
1.4806007509386734,-0.6398225785531331,1.517522409211268,0.1078995579556512
1.4849812265331663,-0.6301375020988634,1.5151385220635285,0.11128483803244382
1.4893617021276595,-0.6204383335807063,1.512765716148865,0.11480819743284787
1.4937421777221527,-0.6107254651741725,1.5104041794095893,0.1184710205081334
1.4981226533166456,-0.6009992899341859,1.508054098624422,0.12227467570257833
1.5025031289111388,-0.5912602017593838,1.5057156593833771,0.126220514885234
1.506883604505632,-0.5815085953563921,1.5033890460627637,0.13030987267313154
1.5112640801001251,-0.5717448662040743,1.5010744418003352,0.1345440657457706
1.5156445556946183,-0.5619694105177595,1.4987720284705601,0.13892439215097774
1.5200250312891113,-0.5521826252134482,1.496481986660045,0.14345213060201
1.5244055068836044,-0.5423849078720105,1.4942044956430878,0.14812853976586382
1.5287859824780976,-0.5325766567033607,1.4919397333573778,0.15295485754279614
1.5331664580725906,-0.5227582705106314,1.4896878763798496,0.15793230033693728
1.5375469336670837,-0.5129301486543376,1.487449099902681,0.16306206231803877
1.541927409261577,-0.5030926910165374,1.485223577709446,0.16834531467421865
1.54630788485607,-0.4932462979649987,1.4830114821514284,0.1737832048557566
1.5506883604505632,-0.48339137031736185,1.48081298412409,0.17937685580981544
1.5550688360450562,-0.4735283093053123,1.4786282530437052,0.18512736520607032
1.5594493116395494,-0.4636575165387537,1.4764574568241602,0.19103580465324654
1.5638297872340425,-0.4537793939700256,1.474300761853921,0.19710321890644167
1.5682102628285355,-0.44389434385808957,1.4721583329731756,0.2033306250652549
1.5725907384230287,-0.43400276873276905,1.470030333451144,0.20971901176264307
1.5769712140175218,-0.4241050713590069,1.46791692496358,0.2162693383444818
1.581351689612015,-0.41420165470113035,1.4658182675704405,0.22298253403975643
1.5857321652065082,-0.4042929218871749,1.463734519693747,0.22985949712137987
1.5901126408010011,-0.3943792761732079,1.4616658380956298,0.23690109405756576
1.5944931163954943,-0.38446112090770523,1.4596123778565688,0.24410815865371482
1.5988735919899875,-0.37453885949596855,1.4575742923538177,0.2514814911847836
1.6032540675844804,-0.364612895364569,1.4555517332400365,0.2590218575180758
1.6076345431789736,-0.35468363192585883,1.4535448504221153,0.26672998822642047
1.6120150187734668,-0.34475147254250416,1.4515537920402033,0.2746065776917028
1.61639549436796,-0.33481682049208206,1.4495787044469426,0.2826522831986953
1.620775969962453,-0.3248800789317381,1.447619732186912,0.29086772401911176
1.625156445556946,-0.31494165086288894,1.4456770179762852,0.29925348048589484
1.6295369211514392,-0.3050019390959854,1.443750702682688,0.3078100930577108
1.6339173967459324,-0.2950613462153532,1.4418409253053022,0.31653806137347473
1.6382978723404253,-0.2851202745440856,1.4399478229551639,0.32543784329703307
1.6426783479349185,-0.2751791261090125,1.4380715308357022,0.3345098539518503
1.6470588235294117,-0.265238302605737,1.436212182223486,0.3437544647456843
1.6514392991239049,-0.25529820536375714,1.4343699084492276,0.3531720023852305
1.655819774718398,-0.24535923531166226,1.4325448388790005,0.36276274788061613
1.660200250312891,-0.23542179294241283,1.4307371008956937,0.37252693553984173
1.6645807259073842,-0.22548627827869439,1.4289468198807118,0.38246475195293606
1.6689612015018773,-0.2155530908383867,1.4271741191959164,0.3925763349659608
1.6733416770963703,-0.20562262960009814,1.4254191201658146,0.40286177264471235
1.6777221526908634,-0.19569529296880928,1.4236819420599822,0.41332110222808716
1.6821026282853566,-0.1857714787416136,1.4219627020757595,0.42395430907113685
1.6864831038798498,-0.1758515840735596,1.4202615153211888,0.4347613255776501
1.690863579474343,-0.16593600544357912,1.4185784947981999,0.4457420301223678
1.695244055068836,-0.1560251386205711,1.4169137513860879,0.4568962459626249
1.699624530663329,-0.1461193786295396,1.4152673938252183,0.46822374013951595
1.7040050062578223,-0.1362191197178837,1.4136395287010228,0.4797242223684375
1.7083854818523152,-0.12632475532178522,1.4120302604282515,0.4913973439190382
1.7127659574468084,-0.11643667803273039,1.4104396912355104,0.5032426964844934
1.7171464330413015,-0.10655527956415534,1.4088679211500557,0.5152598110400373
1.7215269086357947,-0.09668095071820071,1.407315047982896,0.5274481566907827
1.7259073842302879,-0.08681408135261037,1.4057811673141485,0.539807139508726
1.7302878598247808,-0.076955060347769,1.404266372478688,0.552336101358847
1.734668335419274,-0.06710427557386478,1.402770754552098,0.5650343187144653
1.7390488110137672,-0.05726211385818414,1.4012944023368912,0.5779010014615036
1.7434292866082601,-0.04742896095258309,1.3998374023490419,0.5909352916918706
1.7478097622027533,-0.03760520150105484,1.3983998388048056,0.6041362624857776
1.7521902377972465,-0.02779121900749093,1.396981793607842,0.6175029166830797
1.7565707133917396,-0.01798739580356945,1.3955833463366438,0.6310341856433457
1.7609511889862328,-0.008194113016815718,1.394204574232265,0.6447289279949171
1.7653316645807258,0.0015882494612153852,1.3928455521863647,0.6585859283727604
1.769712140175219,0.01135931300653481,1.391506352729561,0.6726038961449898
1.7740926157697121,0.021118700294204595,1.390187046020103,0.6867814641281687
1.778473091364205,0.03086603532962573,1.3888876998328612,0.7011171872913131
1.7828535669586982,0.04060094347967724,1.3876083795486287,0.7156095414484334
1.7872340425531914,0.050323051503642136,1.3863491481437589,0.730256921939759
1.7916145181476846,0.060031987584008295,1.3851100661801405,0.7450576423014326
1.7959949937421777,0.0697273813570376,1.3838911917954753,0.7600099329237189
1.8003754693366707,0.07940886394319802,1.382692580693905,0.7751119396976947
1.8047559449311639,0.08907606797736611,1.3815142861369891,0.7903617226502995
1.809136420525657,0.09872862763886192,1.380356358935,0.8057572545677942
1.81351689612015,0.10836617868129217,1.3792188474385674,0.821296419607517
1.8178973717146432,0.11798835846219946,1.3781017975306769,0.8369770118979005
1.8222778473091363,0.12759480597249162,1.3770052526190053,0.8527967341267946
1.8266583229036295,0.13718516186568963,1.3759292536286274,0.8687531961178436
1.8310387984981227,0.14675906848694686,1.3748738389950477,0.8848439133951622
1.8354192740926156,0.15631616990189845,1.3738390446576194,0.9010663057360162
1.8397997496871088,0.16585611192524663,1.3728249040533225,0.9174176957115492
1.844180225281602,0.17537854214917936,1.371831448110872,0.9338953072155967
1.848560700876095,0.18488310997153268,1.3708587052452377,0.9504962639814458
1.852941176470588,0.19436946662375587,1.3699067013525128,0.9672175880864309
1.8573216520650813,0.20383726519863354,1.3689754598051498,0.9840561984445344
1.8617021276595744,0.21328616067780293,1.3680650014476008,1.0010089092867531
1.8660826032540676,0.22271580995901052,1.367175344592287,1.0180724286293241
1.8704630788485606,0.2321258718831578,1.366306505016018,1.035243356729545
1.8748435544430537,0.24151600726109512,1.3654584959567344,1.0525181845295393
1.879224030037547,0.2508858789001889,1.3646313281106799,1.0698932920874213
1.8836045056320398,0.26023515163062694,1.3638250096299456,1.087364946996317
1.887984981226533,0.269563492331492,1.3630395461204146,1.1049293027907723
1.8923654568210262,0.2788705699565792,1.3622749406401096,1.1225823973407856
1.8967459324155194,0.2881560555599454,1.3615311936979302,1.1403201512333467
1.9011264080100125,0.29741962232124397,1.3608083032528027,1.1581383661413156
1.9055068836045055,0.3066609455707514,1.360106264713241,1.1760327231797696
1.9098873591989987,0.3158797028141498,1.3594250709373008,1.193998781249757
1.9142678347934918,0.3250755737570601,1.3587647122329716,1.2120319753692321
1.9186483103879848,0.33424824032928413,1.358125176358948,1.2301276149913285
1.923028785982478,0.34339738670877185,1.3575064485258748,1.248280882309892
1.9274092615769711,0.35252269934533365,1.3569085113979598,1.266486830552072
1.9317897371714643,0.36162386698405413,1.35633134509504,1.284740382258196
1.9361702127659575,0.37070058068844647,1.3557749271950774,1.3030363275486003
1.9405506883604504,0.37975253386328944,1.3552392327370755,1.3213693223776204
1.9449311639549436,0.38877942227720075,1.3547242342244408,1.3397338867744466
1.9493116395494368,0.3977809440849187,1.3542299016287664,1.3581244030711268
1.9536921151439297,0.4067567998492776,1.3537562023940763,1.3765351141172637
1.9580725907384229,0.41570669256287474,1.353303101441497,1.3949601214817626
1.962453066332916,0.4246303276694796,1.352870561174389,1.413393383641349
1.9668335419274092,0.4335274130851037,1.352458541483915,1.4318287141557633
1.9712140175219024,0.4423976592187513,1.352066999755075,1.4502597798298922
1.9755944931163953,0.4512407789929065,1.3516958908731702,1.4686800988624427
1.9799749687108885,0.4600564878636568,1.351345167230778,1.487083038981254
1.9843554443053817,0.46884450384054466,1.3510147787351339,1.5054618155653898
1.9887359198998746,0.477604547506036,1.350704672815998,1.5238094897535888
1.9931163954943678,0.4863363420347744,1.3504147944340015,1.5421189665393555
1.997496871088861,0.4950396132123669,1.3501450860894684,1.5603829928524533
2.001877346683354,0.5037140894539662,1.3498954878316733,1.5785941561305947
2.0062578222778473,0.5123595018224504,1.3496659372686146,1.596744942028418
2.0106382978723403,0.5209755840462796,1.349456369577258,1.6148279458057369
2.0150187734668332,0.529562072537032,1.3492667175142485,1.6328359531398149
2.0193992490613266,0.5381187064065898,1.3490969114271085,1.6507619394212676
2.0237797246558196,0.5466452274839904,1.3489468792659007,1.6685990674705813
2.028160200250313,0.5551413803319528,1.3488165465953543,1.6863406852674991
2.032540675844806,0.5636069122630586,1.348705836607455,1.7039803236932065
2.036921151439299,0.5720415733556115,1.348614670134484,1.7215116942853537
2.0413016270337923,0.5804451164691589,1.348542965662513,1.7389286870058587
2.045682102628285,0.5888172972596833,1.348490639345336,1.7562253680214879
2.0500625782227786,0.5971578741944725,1.3484576050188433,1.7733959774972146
2.0544430538172715,0.6054666085666474,1.3484437742158322,1.7904349274022986
2.0588235294117645,0.6137432645093795,1.3484490561812417,1.8073367993291194
2.063204005006258,0.6219876090097688,1.348473357887812,1.8240963423247036
2.067584480600751,0.6301994119223996,1.3485165840521656,1.8407084707349477
2.071964956195244,0.638378445982579,1.3485786371512978,1.8571682620615335
2.076345431789737,0.6465244868192446,1.3486594174394766,1.8734709548314965
2.08072590738423,0.6546373129675492,1.3487588229655476,1.889611946479429
2.085106382978723,0.662716705881134,1.348876749590636,1.9055867912423328
2.0894868585732165,0.6707624499440704,1.3490130910062381,1.9213911980670737
2.0938673341677094,0.6787743324824874,1.3491677387527072,1.9370210285304175
2.098247809762203,0.6867521437758843,1.3493405822381155,1.9524722947716766
2.1026282853566958,0.694695677068118,1.349531508757498,1.9677411574378816
2.1070087609511887,0.7026047285780821,1.3497404035124674,1.98282392364153
2.111389236545682,0.7104790975100673,1.3499671496311962,1.9977170449308412
2.115769712140175,0.7183185860638042,1.3502116281887602,2.012417115272534
2.1201501877346685,0.7261229994442017,1.3504737182278412,2.026920869047095
2.1245306633291614,0.7338921458707619,1.350753296779779,2.0412251790565317
2.1289111389236544,0.7416258365866951,1.3510502388859724,2.0553270545445783
2.1332916145181477,0.7493238858677173,1.3513644176196227,2.069223639229355
2.1376720901126407,0.7569861110305376,1.3516957041078086,2.082912209348447
2.1420525657071336,0.764612332441045,1.3520439675538996,2.0963901717164086
2.146433041301627,0.7722023735221808,1.3524090752602909,2.10965506179465
2.15081351689612,0.779756060761505,1.3527908926514614,2.1227045417737003
2.155193992490613,0.7872732237184641,1.3531892832973471,2.1355363986678517
2.1595744680851063,0.794753695031348,1.353604108937025,2.14814854242213
2.1639549436795993,0.8021973104239427,1.354035229502708,2.1605390040315964
2.1683354192740927,0.8096039087118908,1.3544825031440302,2.172705933672971
2.1727158948685856,0.816973331808737,1.3549457862526386,2.18464759884854
2.1770963704630786,0.8243054247316853,1.35542493348707,2.196362382542349
2.181476846057572,0.83160003560705,1.3559197977979118,2.207848781388659
2.185857321652065,0.8388570156754082,1.3564302304532472,2.219105403852631
2.1902377972465583,0.8460762192964625,1.3569560810643742,2.2301309684232717
2.1946182728410513,0.8532575039535955,1.3574971976117933,2.240924301818551
2.198998748435544,0.8604007302581425,1.3580534264714614,2.2514843372027533
2.2033792240300376,0.8675057619533593,1.3586246124413053,2.2618101124159784
2.2077596996245306,0.8745724659180998,1.3592105987679892,2.271900768215813
2.2121401752190235,0.881600712170206,1.3598112271739338,2.281755546531162
2.216520650813517,0.8885903738696003,1.3604263378845767,2.2913737887281815
2.22090112640801,0.8955413273210894,1.361055769655875,2.3007549338883453
2.225281602002503,0.9024534519768826,1.361699359802042,2.3098985170985986
2.229662077596996,0.9093266304388186,1.3623569442235095,2.3188041677535915
2.234042553191489,0.9161607484603017,1.3630283574351203,2.3274716078699638
2.2384230287859825,0.9229556949479611,1.3637134325945328,2.335900650412701
2.2428035043804755,0.929711361963014,1.3644120015308445,2.344091197633489
2.2471839799749684,0.9364276447223537,1.3651238947734214,2.352043239421098
2.251564455569462,0.9431044415993505,1.3658489415809314,2.3597568516637635
2.255944931163955,0.9497416541243661,1.3665869699705788,2.3672321946235257
2.260325406758448,0.9563391869849971,1.3673378067475266,2.3744695113225616
2.264705882352941,0.9628969480260257,1.3681012775345116,2.3814691259414325
2.269086357947434,0.9694148482491033,1.3688772068016422,2.3882314422292805
2.2734668335419275,0.9758928018121479,1.369665417896372,2.394756941925927
2.2778473091364204,0.9823307260284638,1.3704657330736467,2.4010461831958656
2.2822277847309134,0.9887285413655925,1.3712779735262204,2.4070997990741407
2.2866082603254068,0.9950861714438803,1.3721019594151325,2.4129184959240844
2.2909887359198997,1.001403543034775,1.372937509900344,2.418503051906893
2.2953692115143927,1.0076805860588494,1.3737844431715247,2.4238543154630396
2.299749687108886,1.0139172335835553,1.3746425764789878,2.4289732038055
2.304130162703379,1.0201134218206962,1.3755117261647656,2.4338607014247593
2.3085106382978724,1.0262690901236446,1.3763917076938277,2.4385178586056178
2.3128911138923653,1.0323841809842755,1.377282335685421,2.442945789955741
2.3172715894868583,1.0384586400296427,1.3781834239445472,2.447145672945967
2.3216520650813517,1.044492416018383,1.379094785493554,2.4511187464623316
2.3260325406758446,1.0504854608368501,1.3800162326038485,2.454866309369816
2.330413016270338,1.056437729494993,1.3809475768277173,2.458389719087783
2.334793491864831,1.06234918012196,1.3818886290302546,2.461690390177089
2.339173967459324,1.06821977396145,1.3828391994213938,2.4647697929388697
2.3435544430538173,1.0740494753667895,1.3837990975880323,2.4676294520249566
2.3479349186483103,1.0798382517957557,1.3847681325262484,2.4702709450599327
2.3523153942428032,1.0855860738051415,1.3857461126736026,2.472695901274791
2.3566958698372966,1.0912929150450548,1.3867328459415231,2.474906000152201
2.3610763454317896,1.0969587522529607,1.3877281397477614,2.476902970083337
2.3654568210262825,1.1025835652474725,1.388731801048924,2.478688587036281
2.369837296620776,1.1081673369218794,1.3897436363730666,2.480264673235968
2.374217772215269,1.1137100532374196,1.3907634518523475,2.481633095855657
2.3785982478097623,1.1192117032163056,1.39179105325574,2.4827957657199136
2.382978723404255,1.1246722789344876,1.3928262460217888,2.4837546360190905
2.387359198998748,1.1300917755141702,1.393868835291418,2.484511701035289
2.3917396745932415,1.1354701911160758,1.3949186259407738,2.4850689948797697
2.3961201501877345,1.1408075269314577,1.3959754226141043,2.4854285902418267
2.400500625782228,1.1461037871738653,1.3970390297566688,2.485592597149076
2.404881101376721,1.1513589790706573,1.3981092516476687,2.4855631617391625
2.409261576971214,1.1565731128542742,1.399185892433202,2.485342465042855
2.413642052565707,1.1617462017532563,1.4002687561592297,2.4849327217785318
2.4180225281602,1.1668782619830222,1.4013576468045499,2.4843361791580185
2.422403003754693,1.171969312736403,1.4024523683137788,2.4835551157037714
2.4267834793491865,1.1770193761739285,1.4035527246303274,2.482591840077393
2.4311639549436794,1.182028477413875,1.4046585197293762,2.481448689919461
2.4355444305381724,1.1869966445220717,1.4057695576508327,2.4801280307006413
2.4399249061326658,1.1919239085014661,1.4068856425322775,2.4786322545840953
2.4443053817271587,1.1968103032814466,1.4080065786418858,2.476963779299138
2.448685857321652,1.2016558657069347,1.409132170411323,2.4751250470261437
2.453066332916145,1.206460635527231,1.4102622224686092,2.4731185232926793
2.457446808510638,1.2112246553846318,1.4113965396709458,2.4709466958808566
2.4618272841051314,1.2159479708028076,1.4125349271374983,2.4686120737458674
2.4662077596996244,1.2206306301749437,1.413677190282135,2.466117185945708
2.4705882352941178,1.2252726847516555,1.4148231348461136,2.4634645805820563
2.4749687108886107,1.2298741886286637,1.4159725669307044,2.460656823752306
2.4793491864831037,1.2344351987342428,1.41712529302976,2.4576964985127185
2.483729662077597,1.2389557748164397,1.4182811200622087,2.454586203852684
2.48811013767209,1.2434359794300551,1.41943985540448,2.451328553680095
2.492490613266583,1.247875877923411,1.4206013069228534,2.4479261758177806
2.4968710888610763,1.252275538424875,1.4217652830057157,2.444381711011009
2.5012515644555693,1.2566350318291692,1.4229315925957424,2.4406978119460376
2.5056320400500622,1.26095443178345,1.4241000452219763,2.436877142279688
2.5100125156445556,1.2652338146731636,1.4252704510318104,2.4329223756799325
2.5143929912390486,1.269473259607677,1.426442620822869,2.4288361948774835
2.518773466833542,1.2736728484056894,1.4276163660747796,2.424621290728343
2.523153942428035,1.2778326655804202,1.428791498980827,2.420280361287342
2.527534418022528,1.281952798324577,1.429967832479494,2.4158161108925915
2.5319148936170213,1.2860333364951062,1.4311451802858763,2.411231249260895
2.536295369211514,1.2900743725977193,1.432323356922967,2.406528490594046
2.5406758448060076,1.2940760017712105,1.433502177752807,2.4017105526960383
2.5450563204005006,1.2980383217715512,1.4346814590074963,2.396780156101147
2.5494367959949935,1.3019614329557703,1.4358610178200626,2.3917400232128663
2.553817271589487,1.305845438265625,1.4370406722551792,2.3865928774537086
2.55819774718398,1.30969044321105,1.4382202413397254,2.3813414424258172
2.562578222778473,1.3134965558534009,1.439399545093191,2.375988441082394
2.566958698372966,1.317263886788485,1.440578404557914,2.3705365949099244
2.571339173967459,1.3209925491293775,1.4417566418291492,2.3649886231211847
2.575719649561952,1.3246826584890357,1.4429340800849593,2.359347241859002
2.5801001251564455,1.3283343329626973,1.4441105436159283,2.3536151634107627
2.5844806007509384,1.3319476931100764,1.4452858578546888,2.3477950954336606
2.588861076345432,1.3355228619373511,1.4464598494052576,2.3418897401906316
2.593241551939925,1.339059964878946,1.4476323460721763,2.335901793797012
2.5976220275344177,1.3425591297791104,1.4488031768894527,2.3298339454778567
2.602002503128911,1.3460204868732932,1.4499721721492917,2.3236888768359196
2.606382978723404,1.3494441687693137,1.4511391634306225,2.317469261130298
2.6107634543178975,1.3528303104283357,1.4523039836274012,2.311177762565675
2.6151439299123904,1.356179049145636,1.4534664669766995,2.3048170355922006
2.6195244055068834,1.3594905245311746,1.4546264490865624,2.2983897242159554
2.6239048811013768,1.3627648784899709,1.455783766963636,2.2918984613199918
2.6282853566958697,1.3660022552022744,1.4569382590405586,2.285345867995944
2.6326658322903627,1.3692028011035475,1.4580897652031113,2.278734552886176
2.637046307884856,1.3723666648642485,1.4592381268171177,2.272067111536461
2.641426783479349,1.3754939973694187,1.4603831867550967,2.265346125759174
2.645807259073842,1.3785849516980797,1.461524789422656,2.258574163006981
2.6501877346683353,1.3816396831024378,1.462662780784621,2.2517537757569945
2.6545682102628283,1.3846583489868929,1.4637970083909018,2.2448875009054112
2.6589486858573217,1.3876411088868628,1.4649273214020817,2.2379778591725756
2.6633291614518146,1.3905881244474136,1.4660535706147326,2.2310273545184844
2.6677096370463076,1.3934995594017054,1.4671756084864476,2.2240384735686964
2.672090112640801,1.3963755795492456,1.468293289160581,2.2170136850506372
2.676470588235294,1.3992163527339616,1.469406468490701,2.2099554392402925
2.6808510638297873,1.4020220488220838,1.4705150040647412,2.202866167419241
2.6852315394242803,1.404792839679845,1.4716187552288522,2.1957482813420643
2.6896120150187732,1.4075288991509989,1.472717583110939,2.188604172714053
2.6939924906132666,1.4102304030341528,1.4738113506438906,2.1814362126792473
2.6983729662077596,1.412897529059921,1.4748999225884898,2.174246751318757
2.7027534418022525,1.4155304568678961,1.475983165555997,2.1670381171593776
2.707133917396746,1.418129367983444,1.477060948030409,2.1598126166924483
2.711514392991239,1.4206944457943154,1.4781331403903786,2.152572533902973
2.715894868585732,1.4232258755270852,1.479199614930803,2.1453201298089506
2.720275344180225,1.4257238442234133,1.4802602458840592,2.1380576420109394
2.724655819774718,1.4281885407161259,1.4813149094408986,2.1307872842518005
2.7290362953692116,1.4306201556051321,1.4823634837709792,2.123511245986622
2.7334167709637045,1.433018881233156,1.4834058490430448,2.116231691962805
2.7377972465581975,1.4353849116613047,1.484441887444739,2.1089507618103074
2.742177722152691,1.43771844264446,1.485471483202044,2.101670569641998
2.746558197747184,1.4400196716065021,1.4864945225983506,2.094393203664126
2.750938673341677,1.4422887976153638,1.4875108939931447,2.087120725796897
2.75531914893617,1.4445260213579125,1.488520487840312,2.0798551713051214
2.759699624530663,1.4467315451146718,1.4895231967060492,2.0725985484389096
2.7640801001251565,1.4489055727343698,1.4905189152863811,2.0653528380844435
2.7684605757196494,1.4510483096083266,1.4915075404242795,2.0581199934247456
2.7728410513141424,1.4531599626446743,1.4924889711263718,2.0509019396104806
2.7772215269086358,1.4552407402424146,1.493463108579244,2.043700573440735
2.7816020025031287,1.4572908522653152,1.494429856165326,2.0365177630537983
2.7859824780976217,1.4593105100156432,1.4953891194783535,2.0293553476278796
2.790362953692115,1.4612999262077384,1.4963408063384078,2.0222151370917922
2.794743429286608,1.463259314941427,1.4972848268065237,2.01509891184554
2.7991239048811014,1.465188891675278,1.498221093198859,2.008008422490851
2.8035043804755944,1.4670888731996996,1.4991495201004241,2.00094538957158
2.8078848560700873,1.4689594776098815,1.5000700243783662,1.9939115033239907
2.8122653316645807,1.4708009242785829,1.5009825251947986,1.9869084234369045
2.8166458072590737,1.4726134338287606,1.5018869440191793,1.9799377788217138
2.821026282853567,1.47439722810605,1.5027832046402199,1.9730011673921775
2.82540675844806,1.476152530151088,1.5036712331773343,1.966100155854078
2.829787234042553,1.4778795641716906,1.5045509580916119,1.9592362795046379
2.8341677096370463,1.4795785555148742,1.505422310196315,1.952411042041736
2.8385481852315393,1.4812497306387293,1.506285222666891,1.9456259153828732
2.8429286608260322,1.4828933170841494,1.5071396310505052,1.9388823394938919
2.8473091364205256,1.4845095434464055,1.507985473275068,1.932181722227412
2.8516896120150186,1.4860986393465805,1.5088226896577777,1.9255254391709937
2.8560700876095115,1.4876608354028535,1.509651222913153,1.9189148335049826
2.860450563204005,1.4891963632016434,1.5104710181605578,1.9123512158700402
2.864831038798498,1.490705455268607,1.5112820229312174,1.9058358642443378
2.8692115143929913,1.4921883450394937,1.5120841871747115,1.8993700238303857
2.873591989987484,1.4936452668308595,1.5128774632649475,1.8929549069515053
2.877972465581977,1.495076455810644,1.5136618060056044,1.886591692957894
2.8823529411764706,1.4964821479686001,1.5144371726350414,1.8802815281423
2.8867334167709635,1.4978625800865937,1.5152035228306724,1.8740255256652867
2.891113892365457,1.4992179897087603,1.5159608187127902,1.8678247654900124
2.89549436795995,1.5005486151115262,1.51670902484785,1.86168029432661
2.899874843554443,1.5018546952734975,1.5174481082511908,1.855593125586077
2.904255319148936,1.5031364698452088,1.5181780383892036,1.8495642393436382
2.908635794743429,1.5043941791187436,1.5188987871809339,1.8435945823116748
2.913016270337922,1.505628063997219,1.5196103289991119,1.837685067822073
2.9173967459324155,1.5068383659641411,1.5203126406706133,1.8318365758180566
2.9217772215269084,1.5080253270526278,1.5210057014763374,1.8260499528554672
2.9261576971214014,1.509189189814504,1.5216894931505,1.8203260121134694
2.930538172715895,1.5103301972892667,1.5223639998793403,1.814665533414668
2.9349186483103877,1.5114485929729216,1.5230292082992272,1.8090692632546097
2.939299123904881,1.5125446207867002,1.523685107494171,1.8035379148406867
2.943679599499374,1.5136185250456398,1.5243316889927283,1.798072168140376
2.948060075093867,1.5146705504270497,1.5249689467642933,1.792672669938851
2.9524405506883604,1.5157009419388459,1.525596877214779,1.7873400339058922
2.9568210262828534,1.5167099448877714,1.5262154791816747,1.7820748406721265
2.9612015018773468,1.5176978048474847,1.5268247539284798,1.7768776379145712
2.9655819774718397,1.5186647676265366,1.527424705138504,1.7717489404514186
2.9699624530663327,1.5196110792362256,1.5280153389080335,1.7666892303461403
2.974342928660826,1.5205369858583306,1.52859666373886,1.7616989570207817
2.978723404255319,1.5214427338127305,1.5291686905301527,1.7567785373785085
2.983103879849812,1.5223285695249054,1.5297314325696942,1.7519283559353744
2.9874843554443054,1.5231947394933218,1.5302849055244483,1.747148764961271
2.9918648310387983,1.5240414902567059,1.5308291274304688,1.7424400846300456
2.9962453066332912,1.5248690683611998,1.5313641186821458,1.737802603178803
3.0006257822277846,1.525677720327407,1.531889902020778,1.733236577076364
3.0050062578222776,1.5264676926173282,1.5324065025224656,1.7287422312007694
3.009386733416771,1.5272392316011807,1.5329139475853268,1.7243197590260397
3.013767209011264,1.5279925835241164,1.5334122669160224,1.7199693228178774
3.018147684605757,1.528727994472824,1.5339014925155896,1.715691053838553
3.0225281602002503,1.529445710342028,1.534381658664581,1.7114850525608094
3.0269086357947432,1.5301459768008796,1.5348528019074976,1.7073513888908292
3.0312891113892366,1.5308290392592432,1.5353149610365178,1.7032901024002047
3.0356695869837296,1.5314951428338737,1.5357681770745095,1.6993012025669343
3.0400500625782225,1.532144532314498,1.5362124932573298,1.6953846690254273
3.044430538172716,1.5327774521297894,1.536647955015397,1.6915404518254915
3.048811013767209,1.533394146313239,1.5370746099545383,1.6877684717002148
3.053191489361702,1.5339948584689282,1.5374925078361024,1.6840686203428865
3.057571964956195,1.5345798317372064,1.5379017005563325,1.6804407606928051
3.061952440550688,1.535149308760259,1.538302242125003,1.676884727229957
3.066332916145181,1.5357035316475902,1.5386941886432957,1.673400326278666
3.0707133917396745,1.5362427419413995,1.539077598280935,1.6699873363200697
3.0750938673341675,1.53676718058187,1.5394525312525569,1.6666455083134932
3.079474342928661,1.5372770878723554,1.5398190497933162,1.6633745660265902
3.083854818523154,1.5377727034444804,1.5401772181337239,1.6601742063744487
3.0882352941176467,1.538254266223142,1.5405271024737142,1.6570440997673734
3.09261576971214,1.5387220143914222,1.540868770955927,1.6539838904675235
3.096996245306633,1.5391761853554138,1.5412022936382095,1.6509931969543532
3.1013767209011265,1.5396170157089482,1.5415277424653282,1.6480716122987507
3.1057571964956194,1.5400447411982419,1.5418451912398863,1.6452187045460005
3.1101376720901124,1.5404595966864527,1.542154715592441,1.6424340171073555
3.1145181476846058,1.5408618161181493,1.5424563929508157,1.6397170691604908
3.1188986232790987,1.5412516324836951,1.5427503025086027,1.6370673560584843
3.1232790988735917,1.5416292777835479,1.543036525192851,1.6344843497475676
3.127659574468085,1.5419949829924755,1.5433151436309374,1.6319674991935402
3.132040050062578,1.542348978023692,1.543586242116604,1.6295162308167808
3.136420525657071,1.5426914916929046,1.5438499065751743,1.627129948935924
3.1408010012515644,1.5430227516822905,1.5441062245279307,1.6248080362201551
3.1451814768460573,1.5433429845043827,1.5443552850556461,1.6225498541500527
3.1495619524405507,1.5436524154658877,1.5445971787612798,1.6203547434870629
3.1539424280350437,1.5439512686314198,1.5448319977318157,1.6182220247514962
3.1583229036295366,1.5442397667871597,1.5450598354992449,1.6161509987091376
3.16270337922403,1.5445181314044358,1.545280787000692,1.614140946866227
3.167083854818523,1.5447865826032363,1.5454949485376677,1.6121911319731699
3.1714643304130163,1.5450453391156427,1.545702417734459,1.6103007985365863
3.1758448060075093,1.545294618249192,1.5459032934956347,1.6084691733398424
3.1802252816020022,1.5455346358501678,1.5460976759626754,1.6066954659721726
3.1846057571964956,1.5457656062668206,1.546285666469715,1.6049788693660694
3.1889862327909886,1.5459877423125186,1.5464673674983866,1.6033185603432516
3.1933667083854815,1.5462012552288293,1.546642882631781,1.6017137001689585
3.197747183979975,1.546406354648536,1.5468123165074912,1.600163435114645
3.202127659574468,1.5466032485585806,1.546975774769761,1.5986668970291378
3.206508135168961,1.5467921432629514,1.5471333640207132,1.597223203918008
3.210888610763454,1.5469732433454984,1.547285191770665,1.5958314605314357
3.215269086357947,1.547146751632687,1.5474313663875183,1.5944907589602721
3.2196495619524406,1.547312869156288,1.5475719970452269,1.5932001792405857
3.2240300375469335,1.5474717951160124,1.5477071936713247,1.5919587899662413
3.2284105131414265,1.5476237268420736,1.5478370668935189,1.5907656489100808
3.23279098873592,1.5477688597577024,1.5479617279853441,1.589619803653057
3.237171464330413,1.5479073873415945,1.5480812888108628,1.5885202922218329
3.241551939924906,1.5480395010903059,1.5481958617684148,1.5874661437344957
3.245932415519399,1.548165390480589,1.5483055597334083,1.586456379054551
3.250312891113892,1.5482852429316718,1.5484104960001501,1.5854900114530261
3.2546933667083855,1.5483992437674856,1.5485107842227008,1.584566047278856
3.2590738423028784,1.54850757617884,1.5486065383547651,1.5836834866373146
3.2634543178973714,1.548610421185538,1.5486978725885963,1.5828413240767243
3.267834793491865,1.5487079575984477,1.548784901292919,1.5820385492831532
3.2722152690863577,1.548800361981521,1.5488677389498655,1.5812741477833747
3.2765957446808507,1.5488878086137585,1.548946500090914,1.5805471016557635
3.280976220275344,1.5489704694511321,1.5490212992318304,1.5798563902493998
3.285356695869837,1.5490485140884542,1.5490922508066045,1.5792009909111433
3.2897371714643304,1.549122109721205,1.549159469100379,1.5785798797208492
3.2941176470588234,1.5491914211073103,1.5492230681813592,1.5779920322344685
3.2984981226533163,1.549256610528879,1.5492831618317067,1.5774364242353456
3.3028785982478097,1.5493178377538916,1.5493398634774092,1.5769120324933716
3.3072590738423027,1.5493752599978508,1.5493932861171182,1.5764178355320995
3.311639549436796,1.5494290318853852,1.5494435422499497,1.5759528144039625
3.316020025031289,1.5494793054118208,1.5494907438022505,1.5755159534733556
3.320400500625782,1.549526229904704,1.5495350020533147,1.5751062412075258
3.3247809762202754,1.5495699519852901,1.5495764275600512,1.574722670975654
3.3291614518147683,1.5496106155299942,1.5496151300805954,1.5743642418555546
3.3335419274092613,1.5496483616318049,1.5496512184968587,1.5740299594483913
3.3379224030037546,1.549683328561661,1.5496848007360189,1.5737188367012807
3.3423028785982476,1.5497156517297968,1.5497159836909287,1.5734298947376144
3.3466833541927405,1.549745463647051,1.54974487313946,1.5731621636953368
3.351063829787234,1.5497728938861428,1.5497715736627573,1.5729146835730088
3.355444305381727,1.5497980690429183,1.549796188562412,1.5726865050835297
3.3598247809762203,1.5498211126975652,1.5498188197765406,1.5724766905159293
3.3642052565707132,1.5498421453757967,1.5498395677947678,1.5722843146045347
3.368585732165206,1.549861284510009,1.549858531572112,1.5721084654062827
3.3729662077596996,1.5498786444004091,1.5498758084417568,1.571948245185436
3.3773466833541925,1.5498943361761173,1.5498914940267159,1.5718027713061582
3.381727158948686,1.5499084677562431,1.5499056821503798,1.5716711771328626
3.386107634543179,1.549921143810938,1.549918464745943,1.5715526129380228
3.390488110137672,1.5499324657224198,1.5499299317646953,1.5714462468178914
3.394868585732165,1.5499425315459843,1.5499401710831922,1.5713512656155604
3.399249061326658,1.5499514359709807,1.5499492684092822,1.5712668758520123
3.403629536921151,1.5499592702817824,1.5499573071869883,1.5711923046645324
3.4080100125156445,1.549966122318723,1.549964368500251,1.5711268007527306
3.4123904881101375,1.549972076439028,1.5499705309755096,1.5710696353322686
3.4167709637046304,1.5499772134777146,1.5499758706831284,1.571020103096048
3.421151439299124,1.5499816107084863,1.5499804610376646,1.570977523182964
3.4255319148936167,1.549985341804605,1.5499843726969604,1.570941240154158
3.42991239048811,1.5499884767997538,1.5499876734600693,1.5709106249769067
3.434292866082603,1.5499910820488787,1.5499904281639962,1.5708850760158162
3.438673341677096,1.5499932201890247,1.5499926985792634,1.5708640200316792
3.4430538172715894,1.549994950100158,1.5499945433042766,1.5708469131876603
3.4474342928660824,1.549996326865973,1.5499960176585108,1.5708332420629587
3.4518147684605758,1.549997401734699,1.5499971735744844,1.5708225246740002
3.4561952440550687,1.5499982220798862,1.5499980594885385,1.5708143115028437
3.4605757196495617,1.5499988313611979,1.5499987202304029,1.570808186533159
3.464956195244055,1.5499992690851814,1.5499991969115456,1.5708037682935274
3.469336670838548,1.549999570766045,1.5499995268123121,1.5708007109081
3.473717146433041,1.5499997678864255,1.5499997432678307,1.5707987051545305
3.4780976220275344,1.5499998878581478,1.5499998755526934,1.5707974795293815
3.4824780976220273,1.5499999539829914,1.5499999487643974,1.5707968013206743
3.4868585732165203,1.5499999854134465,1.549999983705558,1.57079647768798
3.4912390488110137,1.5499999971134746,1.5499999967648583,1.5707963567494359
3.4956195244055066,1.5499999998192648,1.5499999997967702,1.5707963286763327
3.5,1.55,1.5500000000000005,1.5707963267948784
